{
  "project_info": {
    "project_number": "974101866555",
    "project_id": "lichessv2",
    "storage_bucket": "lichessv2.appspot.com"
  },
  "client": [
    {
      "client_info": {
        "mobilesdk_app_id": "1:974101866555:android:91f3475b526b436bb8541e",
        "android_client_info": {
          "package_name": "org.lichess.mobileV2"
        }
      },
      "oauth_client": [
        {
          "client_id": "974101866555-om4jq3npgepplk0fihrldnhuso1gm7k0.apps.googleusercontent.com",
          "client_type": 3
        }
      ],
      "api_key": [
        {
          "current_key": "AIzaSyDQI6NZ5CM8xpuq9jfM0-D4Tq6fYfsaSh0"
        }
      ],
      "services": {
        "appinvite_service": {
          "other_platform_oauth_client": [
            {
              "client_id": "974101866555-om4jq3npgepplk0fihrldnhuso1gm7k0.apps.googleusercontent.com",
              "client_type": 3
            },
            {
              "client_id": "974101866555-8ag66ua0p0pn1ab7u982i58a9iubhbod.apps.googleusercontent.com",
              "client_type": 2,
              "ios_info": {
                "bundle_id": "org.lichess.mobileV2"
              }
            }
          ]
        }
      }
    }
  ],
  "configuration_version": "1"
}